"Temperature.Mean.by.Month","Ozone.Mean.by.Month"
30.0225806451613,0.0198387096774194
24.3357142857143,0.0238214285714286
37.9,0.0261851851851852
53.6266666666667,0.0347
67.2967741935484,0.0391935483870968
70.68,0.0380666666666667
78.2032258064516,0.0478709677419355
78.2322580645161,0.0476774193548387
73.81,0.0413333333333333
57.5838709677419,0.0239032258064516
52.88,0.0206428571428571
50.8266666666667,0.0155333333333333
